Isin,US530715AF88
Isin,US530715AK73
Isin,US448814CS03
Isin,US530715AL56
Isin,CA448814DF74
Isin,US530715AN13
Isin,US949746FA42
Isin,XS2082419404
Isin,US488044AF57
Isin,US1730T0AK51
Isin,US60975UAA60
Isin,US02108QAA76
Isin,XS0308551166
Isin,CA780085LR52
Isin,IM00B3SXFX94
Isin,US369622CC76
Isin,XS0643931974
Isin,USU52892AD59
Isin,US00206RAE27
Isin,US032359AF86
Isin,XS1819591345
Isin,US48128GR772
Isin,XS1861512835
Isin,XS2333569056
Isin,FR0014000OG2
Isin,DE000A2DAHU1
Isin,US58501WAX92
Isin,DE000A2BPE24
Isin,USY0889VAB63
Isin,XS2168615313
Isin,XS1872028177
Isin,XS2065522398
Isin,DE000A3E44N7
Isin,XS2000719729
Isin,XS2269112863
Isin,US23975HAN52
Isin,XS1426780125
Isin,XS2287912880
Isin,XS1794196888
Isin,XS2158580493
Isin,XS2045749798
Isin,XS2264505566
Isin,XS2330529905
Isin,XS2220527001
Isin,XS1796078324
Isin,XS2276552598
Isin,XS2308171383
Isin,US15189T2069
Isin,US4227042052
Isin,XS0147484074
Isin,US584690AA97
Isin,US58470KAA25
Isin,FR0010019562
Isin,XS0357998268
Isin,XS0147484314
Isin,US369300AL27
Isin,US530610AA22
Isin,US530610AC87
Isin,FR0011521673
Isin,US007800AA39
Isin,US958102AN58
Isin,US45256BAD38
Isin,US958102AP07
Isin,FR0012658094
Isin,US007800AB12
Isin,US531229AC62
Isin,US531229AJ16
Isin,US531229AE29
Isin,US668771AA66
Isin,US45256BAE11
Isin,US912810FF04
Isin,US912810FG86
Isin,US912810FJ26
Isin,US912810FQ68
Isin,JP1150411674
Isin,JP1150421699
Isin,JP11504316B2
Isin,IN0020060094
Isin,IN0020060110
Isin,IN0020042050
Isin,IN0020060128
Isin,IN0020060052
Isin,IN0020060011
Isin,JP1150441721
Isin,IN0020060060
Isin,IN0020060029
Isin,IN0020060102
Isin,JP1150451753
Isin,JP1150461786
Isin,IN0020079011
Isin,IN0020079029
Isin,IN0020079037
Isin,IN0020079052
Isin,IN0020079045
Isin,JP1150481859
Isin,IN0020089010
Isin,IN0020089028
Isin,IN0020089036
Isin,IN0020089044
Isin,IN0020089051
Isin,IN0020089069
Isin,IN0020089077
Isin,IN0020099019
Isin,AU000NT27410
Isin,BRSTNCNTP1W2
Isin,BD0923341152
Isin,BD0922381100
Isin,BD0927391153
Isin,BD0932401203
Isin,BD0922421104
Isin,BD0927431157
Isin,BD0932441209
Isin,BD0922461100
Isin,BD0927471153
Isin,HK0000116407
Isin,BD0932481205
Isin,BD0922021102
Isin,BD0927031155
Isin,BD0932081203
Isin,BD0922101102
Isin,BD0923301107
Isin,US369622BW40
Isin,US369622DH54
Isin,US25085JAP84
Isin,US62983QAK94
Isin,US557497AL87
Isin,US25085JAC71
Isin,US25085JAJ25
Isin,US913026AU40
Isin,US254687AH95
Isin,US25085JBN28
Isin,US60706HAJ23
Isin,US913026AT76
Isin,US25085JBB89
Isin,US345397FL26
Isin,US36962F2H81
Isin,US36962F2L93
Isin,US369622DS10
Isin,US69363FAV40
Isin,US36962F5E24
Isin,US115885AK10
Isin,US63100RAY36
Isin,US459200AM34
Isin,US459200AN17
Isin,US158525AR68
Isin,US450679AT20
Isin,US656531AD28
Isin,US156686AJ67
Isin,US451713AA92
Isin,US12189TAA25
Isin,US783549AZ16
Isin,US485170AF18
Isin,US36962GAM69
Isin,US742718BH18
Isin,US532457AP35
Isin,US69512EGK55
Isin,US584690AB70
Isin,US834182AS67
Isin,US23254L2079
Isin,US3135868103
Isin,US834182AT41
Isin,US00511R8622
Isin,US564055AL53
Isin,CA181901AC30
Isin,US124661AA71
Isin,US564055AM37
Isin,US88163VAE92
Isin,US03819M2052
Isin,US564055AN10
Isin,US564055AP67
Isin,XS0272723551
Isin,US02503Q2093
Isin,US124661AB54
Isin,US12504V2060
Isin,US1381032051
Isin,US1101222073
Isin,US2105203002
Isin,US2921575005
Isin,CA515555AN01
Isin,US6389013060
Isin,US5966802077
Isin,US124661AD11
Isin,US124661AC38
Isin,US86074QAD43
Isin,FR0010649210
Isin,US86074QAF90
Isin,US25388BAC81
Isin,CA653905AB50
Isin,CA04964GAD21
Isin,CA04964GAG51
Isin,US65473P8573
Isin,CA886453AB52
Isin,US15189T4040
Isin,US8385183061
Isin,CA286181AC61
Isin,CA267488AA22
Isin,US9021043065
Isin,CA349915AA62
Isin,USG30420AA41
Isin,XS1842015429
Isin,CA72820FAL72
Isin,US194693AA50
Isin,CA318323AF92
Isin,CA58546RAB56
Isin,CA301283AM97
Isin,CA05465JAA30
Isin,US78573M2035
Isin,NO0010821010
Isin,US29272W2089
Isin,CA46136UAA12
Isin,XS1933947951
Isin,US28414H2022
Isin,CA318323AG75
Isin,CA86880YAA79
Isin,NO0010766546
Isin,XS1209185161
Isin,CA301283AJ68
Isin,CA301283AH03
Isin,CA30224TAD50
Isin,US8425876021
Isin,CA73106RAA82
Isin,CA255331AA83
Isin,DE000A2LQRA1
Isin,US29257YAA29
Isin,CA16387PAK99
Isin,DE000A2GSDH2
Isin,CA11777PAG78
Isin,CA001181AJ59
Isin,CA46136UAB94
Isin,CA77519RAD40
Isin,CH0459297427
Isin,CA74061AAH10
Isin,USG81075AF39
Isin,XS2284240137
Isin,CA134801AA73
Isin,CA172454AC48
Isin,FR0013457942
Isin,CA026695AA47
Isin,XS2082419404
Isin,XS2240512124
Isin,CA290876AA99
Isin,US1011372067
Isin,CA38217MAA86
Isin,DE000A2BPB84
Isin,CA31660AAA12
Isin,CA318323AH58
Isin,US1940142052
Isin,AT0000A2NW26
Isin,CA04964GAF78
Isin,FR0013520681
Isin,DE000A3H2XW6
Isin,DE000A289T23
Isin,CA656811AB23
Isin,US0758874061
Isin,CA89612WAC60
Isin,CA96810CAA95
Isin,US69331C1403
Isin,CA653905AA77
Isin,DE000A3E4548
Isin,CA31833LAA94
Isin,FR0014000105
Isin,CA16387PAJ27
Isin,CA625284AC82
Isin,CA74061AAJ75
Isin,DE000A3E46Y9
Isin,CA77519RAE23
Isin,DE000A3E4589
Isin,CA88709BAC87
Isin,US34984VAC46
Isin,NO0010771025
Isin,US06738G8A15
Isin,US11135F2002
Isin,CA488295AA43
Isin,FR0014001WC2
Isin,US0758875050
Isin,DE000A2GS3Y9
Isin,DE000A283WZ3
Isin,US05352A2096
Isin,CA015644AF47
Isin,US15912K2096
Isin,CA001181AH93
Isin,CA11777PAH51
Isin,US46647MQL09
Isin,FR0013450483
Isin,US20478NAC48
Isin,US20478NAD21
Isin,US00170F3082
Isin,US00170F2092
Isin,US928298AG39
Isin,US928298AJ77
Isin,US94973VBD82
Isin,US94973VBG14
Isin,US48123VAC63
Isin,US67020YAH36
Isin,US298736AL30
Isin,US67020YAG52
Isin,US67020YAK64
Isin,US298736AJ83
Isin,US811904AN18
Isin,US68375NAA19
Isin,US66705PAC77
Isin,US68375NAC74
Isin,US595112AX13
Isin,US34385PAA66
Isin,US84760CAA53
Isin,US88165UAA79
Isin,US472145AA96
Isin,US189464AA81
Isin,US848637AB00
Isin,CA34348QAD49
Isin,US74365AAD37
Isin,USG7948TAC39
Isin,US90041LAD73
Isin,US912909AQ16
Isin,US36473HAB06
Isin,US653656AA68
Isin,US538034AU37
Isin,US256163AA41
Isin,US292554AM49
Isin,US63009RAD17
Isin,US453204AA78
Isin,US753422AE40
Isin,US679295AD75
Isin,US094235AA65
Isin,US156727AA75
Isin,US904311AB38
Isin,US004397AJ44
Isin,US12653CAF59
Isin,US761330AA71
Isin,US72919PAC77
Isin,US630104AA56
Isin,US55087PAA21
Isin,US12653CAG33
Isin,US30050BAE11
Isin,US29975EAA73
Isin,US30744WAC10
Isin,US819047AA97
Isin,US33938JAB26
Isin,US465741AM86
Isin,US88339PAA93
Isin,US10316TAA25
Isin,US09239BAB53
Isin,US22266LAD82
Isin,US45772FAE79
Isin,US88688TAA88
Isin,US94419LAL53
Isin,US09239BAA70
Isin,US04947PAA03
Isin,US21870UAB26
Isin,US34385PAE88
Isin,US009066AA91
Isin,US29978AAB08
Isin,US45667GAD51
Isin,US19626LAA52
Isin,US477143AN19
Isin,US56400PAP71
Isin,US81141RAC43
Isin,US538030AA50
Isin,US53069QAB59
Isin,US42330PAH01
Isin,US679295AC92
Isin,US189464AC48
Isin,US81141RAD26
Isin,US29415FAA21
Isin,US253393AC63
Isin,US87918AAC99
Isin,US29404KAD81
Isin,US462044AJ74
Isin,US698884AC73
Isin,US53261MAA27
Isin,US42703MAD56
Isin,US46185LAB99
Isin,US04269XAB10
Isin,US86771WAA36
Isin,US19459JAA25
Isin,US91325LAA89
Isin,US852234AF05
Isin,US69366JAA97
Isin,US40131MAA71
Isin,US29355AAJ60
Isin,US75574U2006
Isin,US705573AB99
Isin,US09239BAC37
Isin,US81141RAE09
Isin,US138035AA88
Isin,US902252AA34
Isin,US38341PAA03
Isin,US36473HAA23
Isin,US6655312089
Isin,USC2112GAA07
Isin,US743424AF06
Isin,US30744WAD92
Isin,US00484MAC01
Isin,US457669AB50
Isin,XS2051126691
Isin,US36468LAA08
Isin,US62914VAD82
Isin,US88688TAB61
Isin,US55955DAA81
Isin,US252131AH00
Isin,US63845RAB33
Isin,US68213NAC39
Isin,US83205YAB02
Isin,US413160AD48
Isin,US26142RAA23
Isin,CH0563348744
Isin,US12685JAD72
Isin,US76680RAC16
Isin,US875372AA29
Isin,US44932FAA57
Isin,US23248VAA35
Isin,US58733RAC60
Isin,US98986TAA60
Isin,US92886TAJ16
Isin,US163092AD18
Isin,US74736LAC37
Isin,US82509LAA52
Isin,US31816QAF81
Isin,US98954MAH43
Isin,US74346YAF07
Isin,US25746U1337
Isin,XS2121189745
Isin,JP382655QLK5
Isin,CH0353955195
Isin,XS1720963443
Isin,XS1999871863
Isin,XS2027394316
Isin,US25155MKM28
Isin,TW0005457204
Isin,XS2229414409
Isin,XS2084088108
Isin,XS1414094927
Isin,XS1882680645
Isin,US48129KAE01
Isin,XS0880097620
Isin,US378973AD32
Isin,XS1575961872
Isin,AU3FN0025987
Isin,FR0012386688
Isin,XS2117757182
Isin,INE163N08073
Isin,INE509M07170
Isin,INE02PG07140
Isin,INE163N08123
Isin,INE890A07054
Isin,INE477K07018
Isin,INE890A07062
Isin,NZTRGD0324L9
Isin,AU3CB0253417
Isin,INE657L07021
Isin,AU3FN0046819
Isin,INE732Q07AS5
Isin,INE732Q07AT3
Isin,INE556S07350
Isin,INE732Q07AU1
Isin,INE732Q07AV9
Isin,INE558T07032
Isin,INE732Q07AW7
Isin,INE558T07016
Isin,INE558T07024
Isin,INE732Q07AX5
Isin,INE200W08066
Isin,INE852F07053
Isin,INE732Q07AY3
Isin,INE515Q07285
Isin,INE971Z07091
Isin,XS2194483330
Isin,INE03XB07010
Isin,INE852F07038
Isin,INE825A07050
Isin,FR0013399029
Isin,INE825A07068
Isin,INE732Q07AZ0
Isin,INE216P07159
Isin,INE732Q07BA1
Isin,INE732Q07BB9
Isin,INE732Q07BC7
Isin,INE732Q07BD5
Isin,INE732Q07BE3
Isin,INE732Q07BG8
Isin,INE768C07017
Isin,INE732Q07BH6
Isin,INE732Q07BI4
Isin,INE924K07019
Isin,INE768C07025
Isin,INE732Q07BJ2
Isin,KR60793147C0
Isin,INE768C07033
Isin,INE658R08156
Isin,INE001R07078
Isin,INE053A08115
Isin,INE03H407010
Isin,INE850M08069
Isin,INE850M08077
Isin,INE090W07121
Isin,INE02DI07019
Isin,INE01EA07016
Isin,INE010A07224
Isin,AU3FN0050118
Isin,INE657L07013
Isin,XS2008905155
Isin,AU3FN0059309
Isin,INE647O08081
Isin,INE034A08057
Isin,INE01HV07049
Isin,INE01HV07056
Isin,INE657N07530
Isin,INE651J07739
Isin,INE572J07083
Isin,INE827N07158
Isin,INE827N07166
Isin,INE827N07182
Isin,INE965R07140
Isin,XS2021634675
Isin,INE192U08044
Isin,INE124N07325
Isin,INE556S07392
Isin,AU3CB0239630
Isin,INE556S07418
Isin,INE556S07434
Isin,INE556S07475
Isin,INE982X07010
Isin,USU59327AA11
Isin,INE669E08318
Isin,US59408TAA88
Isin,KR6079318814
Isin,XS2084759757
Isin,INE774N07079
Isin,INE852F07020
Isin,INE556S07400
Isin,INE971Z07042
Isin,INE556S07426
Isin,FR0012949949
Isin,KR60793137B3
Isin,INE163N08131
Isin,INE971Z07059
Isin,XS2050543839
Isin,INE556S07277
Isin,INE556S07319
Isin,BE0008061104
Isin,BE0008062110
Isin,BE0008063126
Isin,BE0008058076
Isin,BE0008059082
Isin,BE0008057060
Isin,BE0008056054
Isin,BE0008070196
Isin,IT0001247284
Isin,IT0001247292
Isin,IT0001247318
Isin,IT0001247334
Isin,IT0001247342
Isin,IT0001247359
Isin,IT0001247367
Isin,IT0001247375
Isin,IT0001247391
Isin,NL0000103307
Isin,NL0000103299
Isin,NL0000103315
Isin,NL0000103364
Isin,NL0000103323
Isin,NL0000103331
Isin,NL0000103349
Isin,NL0000103455
Isin,AT0000384169
Isin,AT0000384110
Isin,AT0000384128
Isin,AT0000384177
Isin,AT0000384136
Isin,DE0001381457
Isin,DE0001734242
Isin,DE0001734267
Isin,DE0001734440
Isin,DE0001734457
Isin,DE0001735769
Isin,DE0001785590
Isin,DE0001040202
Isin,DE0001041739
Isin,DE0001041887
Isin,ES0282102005
Isin,ES0000095614
Isin,ES0000095606
Isin,FR0000165912
Isin,ES0282103003
Isin,FR0000140030
Isin,ES0213679030
Isin,XS0083892256
Isin,FR0000584997
Isin,NL0000004802
Isin,PTBSMBPP0006
Isin,AT0000227012
Isin,AT0000227038
Isin,AT0000227053
Isin,AT0000163217
Isin,AT0000163209
Isin,XS0116959494
Isin,PTMCABOE0009
Isin,PTBTAGOE0008
Isin,ES0214974026
Isin,PTBSP7OE0000
Isin,NL0000002707
Isin,XS0080422255
Isin,FR0000571036
Isin,MT0000011123
Isin,DE000A0ASMW9
Isin,XS0108973354
Isin,FR0010114371
Isin,SI0032102244
Isin,XS0242890878
Isin,XS0129880109
Isin,SI0032102418
Isin,SK4120005505
Isin,SK4120005547
Isin,SK4120005679
Isin,SK4120006271
Isin,XS0086000667
Isin,XS0084438281
Isin,XS0089370521
Isin,US98934KAB61
Isin,US465139EQ21
Isin,US465139ER04
Isin,US465139ES86
Isin,US465139ET69
Isin,US465139EU33
Isin,US465139EV16
Isin,US88731EAJ91
Isin,US465139GH04
Isin,US465139GJ69
Isin,US465139GK33
Isin,US465139GL16
Isin,US12639EAA10
Isin,US88168LCT17
Isin,US88168LCV62
Isin,US88168LCW46
Isin,US88168LCX29
Isin,US36959CAA62
Isin,US44881HCK86
Isin,US465139KS13
Isin,US465139KT95
Isin,US465139KU68
Isin,US465139KV42
Isin,US465139KW25
Isin,US465139KX08
Isin,US465139KY80
Isin,US465139KZ55
Isin,US465139LA95
Isin,US190441AR62
Isin,US448814ET67
Isin,CA448814EX71
Isin,US04623A4031
Isin,US6310052047
Isin,US74340W2026
Isin,US3135868285
Isin,GB0033627968
Isin,PR3186726075
Isin,US7434108053
Isin,US45031U7054
Isin,US73317W2035
Isin,US7434107063
Isin,US00163T4067
Isin,US5532742005
Isin,US2635343070
Isin,US8954362021
Isin,US9065482013
Isin,US67021C2061
Isin,US45031U8045
Isin,US6943086024
Isin,GB0001854792
Isin,US124873AA83
Isin,CA56344ZJD20
Isin,XS0208653773
Isin,CA56344ZJM29
Isin,CA683234VP09
Isin,CA56344ZKL27
Isin,CA683234XK93
Isin,XS0232498393
Isin,XS0247960353
Isin,XS0260981658
Isin,CA56344ZLV99
Isin,US694477PQ72
Isin,US31769PAB67
Isin,USU31745AA71
Isin,XS0082227546
Isin,XS0289011198
Isin,AU3FN0001533
Isin,AU3FN0001541
Isin,AU3FN0001558
Isin,US694477QS20
Isin,US638612AJ06
Isin,XS0304459026
Isin,XS0279937451
Isin,PTCGFD1E0019
Isin,XS0280833350
Isin,XS0313629387
Isin,XS0237531628
Isin,XS0368374624
Isin,XS0374298643
Isin,XS0111208814
Isin,DK0009734402
Isin,DK0009243693
Isin,DK0009244311
Isin,DK0009247173
Isin,DK0009247843
Isin,DK0008916141
Isin,XS0116389023
Isin,XS0116772665
Isin,XS0117016393
Isin,XS0126604726
Isin,XS0129477047
Isin,XS0129438577
Isin,XS0131127200
Isin,XS0143275419
Isin,XS0145430152
Isin,XS0148890279
Isin,XS0150038395
Isin,XS0151323291
Isin,XS0151323028
Isin,XS0151947586
Isin,XS0151948550
Isin,XS0151950887
Isin,IT0003138622
Isin,IT0003092522
Isin,IT0003228951
Isin,IT0003608343
Isin,XS0188858590
Isin,XS0203742928
Isin,XS0205974701
Isin,XS0224366608
Isin,XS0225119048
Isin,XS0232189331
Isin,XS0259094539
Isin,AT000B052667
Isin,XS0276360475
Isin,IT0004146301
Isin,XS0278407951
Isin,XS0278904072
Isin,FR0010322792
Isin,XS0292328068
Isin,XS0291970670
Isin,IT0004166473
Isin,FR0010461863
Isin,XS0293015573
Isin,US637432BS38
Isin,US340711AG51
Isin,US796050AE22
Isin,US575767AB43
Isin,XS0064825119
Isin,GB0007737660
Isin,XS0088950075
Isin,US575767AD09
Isin,CA628957AE23
Isin,CA651350BH24
Isin,XS0076166866
Isin,XS0096005318
Isin,XS0096207880
Isin,XS0094903886
Isin,XS0096688881
Isin,USY74718AQ37
Isin,USU0022TAA52
Isin,NO0010836778
Isin,US53225HAC43
Isin,US44810RAA68
Isin,USP7354PAA23
Isin,USU14477AP58
Isin,US12652HAE80
Isin,XS2059778212
Isin,XS1912616585
Isin,US00786PAD69
Isin,US05553LAA17
Isin,NO0010795602
Isin,XS1984318342
Isin,USL01795AC47
Isin,NO0010820616
Isin,NO0010832512
Isin,US369622CA11
Isin,US369622CC76
Isin,US369622CE33
Isin,US369622CF08
Isin,US369622CJ20
Isin,US369622CK92
Isin,US369622CL75
Isin,US369622CU74
Isin,US369622DD41
Isin,US448814DB68
Isin,US459051FW37
Isin,US459051FX10
Isin,US459056JQ10
Isin,US485152AA07
Isin,US649296AB61
Isin,US668027AT26
Isin,US737518AA83
Isin,US744567BA54
Isin,US744567BB38
Isin,US74955DAA90
Isin,US74955DAB73
Isin,US74955EAA73
Isin,US74955EAB56
Isin,FR0010108779
Isin,XS0203755664
Isin,XS0205647844
Isin,XS0206703984
Isin,XS0207711358
Isin,XS0207711945
Isin,XS0211449755
Isin,XS0211811293
Isin,AT0000285267
Isin,XS0213297541
Isin,XS0213985434
Isin,AT0000325717
Isin,XS0214845710
Isin,XS0215269167
Isin,NL0000116796
Isin,XS0217459105
Isin,XS0219327524
Isin,FR0010202200
Isin,US61745EL583
Isin,US61745EN720
Isin,US61745EM326
Isin,US61745EU741
Isin,US61745E2Z30
Isin,US61745E2F75
Isin,US61745E3T60
Isin,US61745E4T51
Isin,US61745E5Z03
Isin,US61745E7F21
Isin,US61760QAB05
Isin,US61760QAG91
Isin,US61760QAQ73
Isin,US61760QAP90
Isin,US61760QAW42
Isin,US06738K3U34
Isin,US61760QBJ22
Isin,US61760QBH65
Isin,US38141GGV05
Isin,XS2334036287
Isin,DE000A2LQF20
Isin,XS2241386874
Isin,CA072819AA34
Isin,XS2294704007
Isin,FR0013200995
Isin,DE000A19W2L5
Isin,CH0328111569
Isin,XS2248816493
Isin,CA84651CAA77
Isin,FR0013286903
Isin,XS2126193379
Isin,XS2306982286
Isin,XS1731596257
Isin,US69512EBY05
Isin,US097023AH83
Isin,US912803AY96
Isin,US912833LE83
Isin,US912810EM63
Isin,US44881HCL69
Isin,US912833LF58
Isin,US191219AQ79
Isin,US126408AQ68
Isin,US912833LG32
Isin,US912833LJ70
Isin,US912803AZ61
Isin,US651333DR46
Isin,US73763HAP10
Isin,US912810EN47
Isin,US139859AB88
Isin,US811845AN69
Isin,US278058AM49
Isin,US345397FK43
Isin,US369622BT11
Isin,US285659AF53
Isin,GB0000784164
Isin,GB0004955547
Isin,US718286AL15
Isin,US002920AC09
Isin,XS0063380629
Isin,XS0057876020
Isin,XS0057876616
Isin,US775371AU10
Isin,XS0010826633
Isin,XS0010159159
Isin,XS0010276466
Isin,GB0008389008
Isin,GB0008387283
Isin,US539830AK58
Isin,GB0058327924
Isin,XS0105244585
Isin,US03746AAA88
Isin,XS0103338496
Isin,XS0103338140
Isin,XS0104723266
Isin,XS0105562796
Isin,XS0105742778
Isin,US872649BH09
Isin,XS0106655235
Isin,US171794AF77
Isin,US530715AD31
Isin,XS0107099466
Isin,XS0107289323
Isin,US530715AH45
Isin,US94106LAG41
Isin,US7492542078
Isin,US079857AH17
Isin,XS0108535757
Isin,US577778BK85
Isin,US59562HAJ77
Isin,XS0109813799
Isin,US244199AZ87
Isin,USU04536CH64
Isin,US70645JBM36
Isin,US70645KBM09
Isin,US06849UAA34
Isin,USC0780KAA63
Isin,US40049JAY38
Isin,USP4987VAS27
Isin,US760759AJ92
Isin,USU76069AE05
Isin,US68389XAL91
Isin,USU68308AB89
Isin,US71656LAE11
Isin,US71656MAE93
Isin,US04650NAA28
Isin,US136440AL88
Isin,US835495AA09
Isin,US097023AD79
Isin,US912803AX14
Isin,US881685AV32
Isin,US078167BA02
Isin,US71713UAR32
Isin,US252759AM79
Isin,US097023AG01
Isin,US347471AN40
Isin,US283695AZ76
Isin,US191219AP96
Isin,US345370BH27
Isin,US751277AQ79
Isin,US121897WQ12
Isin,US048825BB81
Isin,US879240AQ23
Isin,US902120AD64
Isin,US29455JAA51
Isin,US29455JAB35
Isin,US29455JAL17
Isin,US69512ECC75
Isin,US29455JAJ60
Isin,US29455JAK34
Isin,US669827DP92
Isin,US10075EAG35
Isin,US10075EAH18
Isin,US386088AF50
Isin,US69512EEK73
Isin,US90337QAK31
Isin,US73763HAY27
Isin,US67461FED50
Isin,US254063AR14
Isin,US543859AG78
Isin,US459056LD78
Isin,US887315AM12
Isin,US751277AR52
Isin,US514886AC47
Isin,US149123BD27
Isin,US260543BE23
Isin,XS0095047295
Isin,XS0094861357
Isin,XS0094229191
Isin,XS0095751383
Isin,XS0015190423
Isin,XS0094548293
Isin,XS0094664017
Isin,XS0080588147
Isin,XS0095749486
Isin,XS0080366163
Isin,XS0079232012
Isin,XS0080166076
Isin,GB0009573998
Isin,FR0008131403
Isin,GB0000515923
Isin,GB0002444007
Isin,GB0002442514
Isin,GB0002442621
Isin,GB0002442738
Isin,GB0002442845
Isin,GB0002442951
Isin,GB0002443033
Isin,GB0002443140
Isin,GB0002443256
Isin,GB0002443363
Isin,GB0002443470
Isin,GB0002443587
Isin,GB0002443694
Isin,GB0002443702
Isin,GB0002443819
Isin,GB0002443926
Isin,GB0006241326
Isin,XS0095166897
Isin,XS0096045025
Isin,XS0094897039
Isin,GB0000779529
Isin,GB0008424284
Isin,XS0085091238
Isin,CH0008941319
Isin,CH0008977131