Isin,US984657GV24
Isin,US985209AV79
Isin,US985215BU55
Isin,US98521UAA51
Isin,US98521UAC18
Isin,US985745AU22
Isin,US985745AV05
Isin,US986026BP67
Isin,US986090AW86
Isin,US986090AX69
Isin,US986093AU69
Isin,US986093BF83
Isin,US986093BG66
Isin,US986117BA64
Isin,US986353DU12
Isin,US986353DV94
Isin,US986392GT98
Isin,US986812NL57
Isin,US986812NM31
Isin,US986812PL30
Isin,US986812PM13
Isin,US986812PN95
Isin,US986812QF52
Isin,US986812RE78
Isin,US987830GW00
Isin,US987830GX82
Isin,US988169AU23
Isin,US988227ED20
Isin,US988227EE03
Isin,US988258FH76
Isin,US988258FJ33
Isin,US988258FK06
Isin,US988258FL88
Isin,US988258FM61
Isin,US988258FN45
Isin,US988258FP92
Isin,US988258FQ75
Isin,US988258FR58
Isin,US98839EAS90
Isin,US98839EAT73
Isin,US98839EBL39
Isin,US98839EBM12
Isin,US98839EBN94
Isin,US98839EBP43
Isin,US98839EBQ26
Isin,US98839EBR09
Isin,US98839EBS81
Isin,US98839EBT64
Isin,US98839VAQ59
Isin,US98839VAR33
Isin,US98839VAS16
Isin,US98972LBA89
Isin,US98972LBB62
Isin,US98972LBC46
Isin,US98972LBD29
Isin,US98972LBE02
Isin,US98972LBF76
Isin,US98972LBG59
Isin,US98972LBH33
Isin,US989793BD58
Isin,US97710VTF57
Isin,US97710VTG31
Isin,US977266AU93
Isin,US977266AV76
Isin,US977623NL71
Isin,US977793DR63
Isin,US977793DS47
Isin,US977793DT20
Isin,US978400BT58
Isin,US979149DS77
Isin,US979514AW63
Isin,US979812CP77
Isin,US980231DG60
Isin,US980898XN53
Isin,US980898XP02
Isin,US981305F671
Isin,US981305F754
Isin,US981305F838
Isin,US981305Q579
Isin,US981305Q652
Isin,US981305Q736
Isin,US981305Q819
Isin,US981305SA43
Isin,US981305ZQ12
Isin,US981305ZR94
Isin,US981444AC68
Isin,US981738AL13
Isin,US982147AL40
Isin,US982233BP24
Isin,US982233BQ07
Isin,US982233BR89
Isin,US982233BS62
Isin,US982233BT46
Isin,US982233BU19
Isin,US982233BV91
Isin,US982233BW74
Isin,US982254AV62
Isin,US98267LAT26
Isin,US98267RAA05
Isin,US983098AA24
Isin,US983098AB07
Isin,US98322PJF71
Isin,US98322PJG54
Isin,US973891FT69
Isin,US973891FU33
Isin,US974399CM72
Isin,US974399CN55
Isin,US974458CA74
Isin,US975392AL53
Isin,US975397CB41
Isin,US975397CC24
Isin,US975409BV44
Isin,US975409BX00
Isin,US975728AA44
Isin,US975809AC85
Isin,US976074EQ32
Isin,US976074ER15
Isin,US976074ES97
Isin,US976074ET70
Isin,US976074EU44
Isin,US976074EV27
Isin,US976074EW00
Isin,US976074EX82
Isin,US976074EY65
Isin,US976074EZ31
Isin,US976075ED93
Isin,US976075EE76
Isin,US976075EF42
Isin,US976075EG25
Isin,US976075EH08
Isin,US976075EJ63
Isin,US976075EK37
Isin,US976075EL10
Isin,US976075EM92
Isin,US976175AB56
Isin,US97689PEG90
Isin,US97689PEJ30
Isin,US976904MU32
Isin,US976904MV15
Isin,US9770556W72
Isin,US977055Z700
Isin,US9770565C00
Isin,US977056E638
Isin,US977056FN59
Isin,US977056LV02
Isin,US977056MV92
Isin,US977056PL83
Isin,US977056R770
Isin,US977056UK46
Isin,US977056YD66
Isin,US977100AC04
Isin,US97710ABE38
Isin,US97710ABF03
Isin,US97710AKR40
Isin,US97710AUK86
Isin,US97710NJS62
Isin,US96866EAE05
Isin,US968750BT55
Isin,US968750BU29
Isin,US968794CD76
Isin,US968794CX31
Isin,US968794CZ88
Isin,US968852RZ80
Isin,US968852SA21
Isin,US968852SB04
Isin,US969095AC24
Isin,US96915RAU68
Isin,US969571BS69
Isin,US969571BV98
Isin,US97000PBM14
Isin,US97000PBN96
Isin,US97000PBP45
Isin,US970021EF40
Isin,US970021EG23
Isin,US970021EH06
Isin,US970046HY78
Isin,US970046HZ44
Isin,US970046JA74
Isin,US970046JP44
Isin,US970065AW81
Isin,US970293EX07
Isin,US970480FL86
Isin,US970480FM69
Isin,US970480FN43
Isin,US970480FP90
Isin,US971090TD72
Isin,US971090TE55
Isin,US971201DP07
Isin,US971214AR29
Isin,US971214AS02
Isin,US971214AT84
Isin,US972187BN72
Isin,US972187BP21
Isin,US972187BQ04
Isin,US972187BR86
Isin,US972317AQ40
Isin,US972317AR23
Isin,US972737JE13
Isin,US972737JF87
Isin,US973127BP71
Isin,US96122DAV47
Isin,US961391BP34
Isin,US961391BQ17
Isin,US961503AA78
Isin,US961743BB68
Isin,US96272PAA12
Isin,US962757KJ86
Isin,US962757KK59
Isin,US963354GK50
Isin,US963354HK42
Isin,US963354HL25
Isin,US963694GD09
Isin,US963694GF56
Isin,US963694GH13
Isin,US965577CT44
Isin,US965577CU17
Isin,US965577CV99
Isin,US965577CW72
Isin,US965577CX55
Isin,US965577CY39
Isin,US965577CZ04
Isin,US965577DA44
Isin,US965577DB27
Isin,US966766BH97
Isin,US9672433M63
Isin,US9672433N47
Isin,US9672433P94
Isin,US9672433Q77
Isin,US9672433R50
Isin,US967243N692
Isin,US967243N775
Isin,US967243N858
Isin,US967243N932
Isin,US967276AM84
Isin,US967276FN13
Isin,US967787AA07
Isin,US967860BL03
Isin,US967860BM85
Isin,US968117AD37
Isin,US968117AQ40
Isin,US968117AR23
Isin,US96811NAH98
Isin,US96811NAJ54
Isin,US956623AJ17
Isin,US956623AK89
Isin,US956623AL62
Isin,US956623AM46
Isin,US9566264Y83
Isin,US956626E765
Isin,US956626E849
Isin,US956626E922
Isin,US956626S971
Isin,US956626YP42
Isin,US95662MGX20
Isin,US95662MPL80
Isin,US95662MPS34
Isin,US95662MQS25
Isin,US956695KN95
Isin,US956695LW85
Isin,US956704SN13
Isin,US957367AW59
Isin,US95829MBR07
Isin,US958519J926
Isin,US958519K254
Isin,US958638QK72
Isin,US958638QL55
Isin,US958868AR25
Isin,US95942TAR86
Isin,US95942TAS69
Isin,US95942TAT43
Isin,US959878CJ60
Isin,US960266NU45
Isin,US960266NV28
Isin,US960334DG27
Isin,US960453C481
Isin,US960453C556
Isin,US960734AN19
Isin,US961017GX25
Isin,US961017GY08
Isin,US961017GZ72
Isin,US961017JB77
Isin,US961017JH48
Isin,US96120NCH35
Isin,US96120NCJ90
Isin,US96120NCK63
Isin,US952348AP53
Isin,US952354BL16
Isin,US95236VBG14
Isin,US952377QQ58
Isin,US952377QR32
Isin,US952377QS15
Isin,US952377QT97
Isin,US953106XZ96
Isin,US953387BK24
Isin,US953387BL07
Isin,US953452AH20
Isin,US953525AB86
Isin,US954447DZ88
Isin,US954710CU19
Isin,US954710CV91
Isin,US954710DD84
Isin,US954842AP50
Isin,US954855KP60
Isin,US955460CJ70
Isin,US955460CK44
Isin,US956006AB61
Isin,US956486AK02
Isin,US956489AR93
Isin,US956489AS76
Isin,US95648MEL90
Isin,US95648MEM73
Isin,US95648MFC82
Isin,US95648MFY03
Isin,US95648MFZ77
Isin,US95648MGA18
Isin,US95648XAN57
Isin,US956597BR83
Isin,US956597CJ58
Isin,US956597CZ90
Isin,US956622LS14
Isin,US946031HG93
Isin,US946099KW71
Isin,US946363DR68
Isin,US946363DS42
Isin,US947272AX87
Isin,US947272AY60
Isin,US947272AZ36
Isin,US947272BA75
Isin,US947321BG96
Isin,US947321BH79
Isin,US947321BJ36
Isin,US947321BK09
Isin,US947321BL81
Isin,US947321BM64
Isin,US947321BN48
Isin,US947321BP95
Isin,US947321BQ78
Isin,US947321BR51
Isin,US947449AP93
Isin,US948382BB12
Isin,US948560EP82
Isin,US948564DH97
Isin,US949255FT51
Isin,US950120BL88
Isin,US950120BM61
Isin,US950341HE01
Isin,US950341HF75
Isin,US950341HG58
Isin,US950341HH32
Isin,US950733AA32
Isin,US950773AL55
Isin,US95117PAU84
Isin,US95122PAY34
Isin,US95122PAZ09
Isin,US951631MJ63
Isin,US951631NC02
Isin,US951631ND84
Isin,US952347GQ99
Isin,US952347GR72
Isin,US952347HZ89
Isin,US952347JB93
Isin,US952347JC76
Isin,US952347JD59
Isin,US940795AE75
Isin,US940896LP69
Isin,US940896LQ43
Isin,US941268CD47
Isin,US941345CG33
Isin,US942452DS92
Isin,US942452DT75
Isin,US942452DU49
Isin,US942828DP68
Isin,US943063FN29
Isin,US943063FZ58
Isin,US944315AP59
Isin,US938860AC71
Isin,US939745SV85
Isin,US93974A8Q07
Isin,US93974A8R89
Isin,US93974A8S62
Isin,US93974A8T46
Isin,US93974A8U19
Isin,US93974A8V91
Isin,US93974A8W74
Isin,US93974A8Y31
Isin,US93974AMJ06
Isin,US93974AMK78
Isin,US93974AML51
Isin,US93974AMM35
Isin,US93974AMN18
Isin,US93974AMP65
Isin,US93974AMQ49
Isin,US93974AMR22
Isin,US93974AMS05
Isin,US93974AMT87
Isin,US93974AQ497
Isin,US93974AQ562
Isin,US93974AQ646
Isin,US93974AQ729
Isin,US93974AQ802
Isin,US93974AQ984
Isin,US93974AR222
Isin,US93974AR305
Isin,US93974AR487
Isin,US93974AYZ10
Isin,US93974AZA59
Isin,US93974AZB33
Isin,US93974AZC16
Isin,US93974AZD98
Isin,US93974AZE71
Isin,US93974AZF47
Isin,US93974AZG20
Isin,US93974AZH03
Isin,US93974AZJ68
Isin,US939783NX08
Isin,US939784F829
Isin,US93978KRW08
Isin,US93978KTG30
Isin,US93978KUL06
Isin,US93978KUW60
Isin,US940438DQ48
Isin,US940438DR21
Isin,US940456EP78
Isin,US940456EQ51
Isin,US940456ER35
Isin,US940456ES18
Isin,US940456ET90
Isin,US940456EU63
Isin,US933475EN15
Isin,US933623BQ24
Isin,US933626CR29
Isin,US934221MC39
Isin,US934221MD12
Isin,US934221NG34
Isin,US934238EF94
Isin,US934238EG77
Isin,US934238EH50
Isin,US934238EJ17
Isin,US934238EK89
Isin,US935012EG50
Isin,US935012EH34
Isin,US935045AE40
Isin,US935154VB78
Isin,US935228AR77
Isin,US935324YJ64
Isin,US935324YK38
Isin,US935324YL11
Isin,US936033AP49
Isin,US936033AQ22
Isin,US936033AR05
Isin,US936257AU82
Isin,US936808AY09
Isin,US937751WV35
Isin,US937751YJ88
Isin,US937751YK51
Isin,US938016AC66
Isin,US938361KN13
Isin,US938395PG90
Isin,US938395PH73
Isin,US938589DZ89
Isin,US93863QAR48
Isin,US93863QAS21
Isin,US93863QAT04
Isin,US93863QAU76
Isin,US93863QAV59
Isin,US93863QAW33
Isin,US93863QAX16
Isin,US93863QAY98
Isin,US93863QAZ63
Isin,US92817LFC28
Isin,US92817LFD01
Isin,US928180U301
Isin,US92827TAT16
Isin,US92827TAU88
Isin,US92827TAV61
Isin,US92830TDQ94
Isin,US92830TDR77
Isin,US92830TDS50
Isin,US92830TDT34
Isin,US92830TDU07
Isin,US92834MDB37
Isin,US928844DZ99
Isin,US929524AA47
Isin,US929692EH00
Isin,US929692EJ65
Isin,US929840CL80
Isin,US930226AN58
Isin,US930866CG19
Isin,US931343EK95
Isin,US931343EV50
Isin,US932024AS12
Isin,US932024AT94
Isin,US932024AU67
Isin,US932889PY86
Isin,US932889PZ51
Isin,US932889QA91
Isin,US932889QB74
Isin,US932889QC57
Isin,US927793KA68
Isin,US927793KB42
Isin,US927793KC25
Isin,US927793KD08
Isin,US927793KG39
Isin,US927793KH12
Isin,US9175503W37
Isin,US9175506E02
Isin,US9175507D10
Isin,US9144542V45
Isin,US914692RF74
Isin,US914692RG57
Isin,US911157AY17
Isin,US911157CJ22
Isin,US896029F911
Isin,US896029J715
Isin,US896029L455
Isin,US896029X260
Isin,US8827164J98
Isin,US875287DW16
Isin,US875287DY71
Isin,US875287EY62
Isin,US875906HQ52
Isin,US876385EJ03
Isin,US800885HD01
Isin,US800885HE83
Isin,US800885HF58
Isin,US800885HG32
Isin,US801617DG39
Isin,US801617DX61
Isin,US801617DY45
Isin,US801617DZ10
Isin,US801617EL15
Isin,US801617EM97
Isin,US801617EN70
Isin,US796838AB65
Isin,US796842DB58
Isin,US797355ND28
Isin,US797355NE01
Isin,US797355NF75
Isin,US79765TBX28
Isin,US795608MA39
Isin,US795608MB12
Isin,US790905GC10
Isin,US79130MTR96
Isin,US79130MTS79
Isin,US791900CY78
Isin,US786106ER10
Isin,US786111JE54
Isin,US78764HAD61
Isin,US771146NN33
Isin,US771146NP80
Isin,US771146NQ63
Isin,US771146NR47
Isin,US773318MK35
Isin,US775567BZ26
Isin,US768500BC36
Isin,US762242A888
Isin,US76227MDV72
Isin,US762315EN53
Isin,US764076CK95
Isin,US759898CC18
Isin,US759898CD90
Isin,US745400H467
Isin,US745400H533
Isin,US745400H616
Isin,US748446BU41
Isin,US751209AY31
Isin,US751209AZ06
Isin,US751209BA46
Isin,US751209BB29
Isin,US751209BC02
Isin,US745235UD16
Isin,US74527BLY82
Isin,US74527RKS75
Isin,US745290EA03
Isin,US738289CS45
Isin,US738648AE49
Isin,US739820AQ19
Isin,US733460DN66
Isin,US725304JY63
Isin,US725304KJ77
Isin,US717883EA62
Isin,US709163CM92
Isin,US70917NKB90
Isin,US708692AH10
Isin,US708692AJ75
Isin,US708692AK49
Isin,US708692AL22
Isin,US698407EQ22
Isin,US698407FA60
Isin,US699398DT78
Isin,US702333Z653
Isin,US689805BQ14
Isin,US689805BR96
Isin,US689805BS79
Isin,US689805BT52
Isin,US689805BU26
Isin,US69651PFF36
Isin,US68608FPD59
Isin,US68275PAC32
Isin,US686053FH73
Isin,US678908WP50
Isin,US29635EBE05
Isin,US296804CA32
Isin,US296804CB15
Isin,US296807GA27
Isin,US296807HM55
Isin,US296809RV01
Isin,US283307BP02
Isin,US283307BT24
Isin,US283479GL11
Isin,US283479GM93
Isin,US283487RY47
Isin,US283668CJ85
Isin,US28467RAA59
Isin,US28467TAA16
Isin,US286628AC60
Isin,US286654BA50
Isin,US287290EH90
Isin,US287436AN91
Isin,US290019BP22
Isin,US290019BR87
Isin,US276310AC31
Isin,US276515VQ33
Isin,US277335WS02
Isin,US27915RBG11
Isin,US27915RBH93
Isin,US281047XU99
Isin,US28268KBH59
Isin,US282846AN47
Isin,US270198AR59
Isin,US270602FF74
Isin,US271470GX86
Isin,US273110AC06
Isin,US274490DR95
Isin,US274490DT51
Isin,US274490DV08
Isin,US274490DX63
Isin,US274490DZ12
Isin,US274490EC18
Isin,US275281X573
Isin,US275281X656
Isin,US266786AN26
Isin,US267048DV58
Isin,US26704RAM60
Isin,US26704TAM27
Isin,US258759BQ14
Isin,US258840AE77
Isin,US259228FD16
Isin,US2592824L27
Isin,US259282NH07
Isin,US260883BF95
Isin,US26110PAV85
Isin,US261174EX05
Isin,US25009EAN76
Isin,US25009EBL02
Isin,US250835AB17
Isin,US250835AC99
Isin,US250835AD72
Isin,US251093B667
Isin,US251129XZ07
Isin,US251129Z478
Isin,US251129ZY14
Isin,US251135FD64
Isin,US251237WV19
Isin,US252255JB15
Isin,US252255JC97
Isin,US25303NAB64
Isin,US25325NBH61
Isin,US253363LB91
Isin,US25466UAB35
Isin,US25466UAC18
Isin,US254768PS71
Isin,US254768PT54
Isin,US25477PCG81
Isin,US25477PCJ21
Isin,US25477PFT75
Isin,US254839JR59
Isin,US254839VQ39
Isin,US254840AT87
Isin,US254842AK35
Isin,US254845AL49
Isin,US254845AM22
Isin,US254845BN95
Isin,US257591CR65
Isin,US257606AD58
Isin,US257606AG89
Isin,US24600RBH66
Isin,US246387HS60
Isin,US246387HU17
Isin,US246394D317
Isin,US249001A402
Isin,US249181SC34
Isin,US249192FP56
Isin,US249481EB46
Isin,US249481EC29
Isin,US250062AA46
Isin,US239244CK04
Isin,US239452AC94
Isin,US239890AR71
Isin,US240471CZ33
Isin,US240471EH17
Isin,US240471EJ72
Isin,US240471KG69
Isin,US241709AN49
Isin,US243022CV01
Isin,US243022CW83
Isin,US243022CX66
Isin,US243323AW24
Isin,US24417AAS33
Isin,US245595FB46
Isin,US245644BZ19
Isin,US245644CY35
Isin,US245913CA45
Isin,US233542CE79
Isin,US233676BF10
Isin,US235075AM06
Isin,US235075AN88
Isin,US235075AP37
Isin,US235218J888
Isin,US235218J961
Isin,US235300CC29
Isin,US235550DV97
Isin,US236035AP67
Isin,US236141BH91
Isin,US236141CF27
Isin,US236480CP24
Isin,US236480DQ97
Isin,US236480DV82
Isin,US236482AD77
Isin,US23825HCY18
Isin,US238717DD10
Isin,US226263AU56
Isin,US227498CB60
Isin,US22774PBB76
Isin,US22774PBC59
Isin,US22774PBD33
Isin,US229694CT92
Isin,US230381AR68
Isin,US23041NAV47
Isin,US23061EAK38
Isin,US230635AQ71
Isin,US231871DH47
Isin,US232263AD55
Isin,US232264GL90
Isin,US232264GM73
Isin,US232264GN56
Isin,US232265W208
Isin,US232265W463
Isin,US232273TB88
Isin,US232280BC05
Isin,US232280BE60
Isin,US232280BP18
Isin,US232280BV85
Isin,US232282DB69
Isin,US232282DC43
Isin,US232282DN08
Isin,US232282DP55
Isin,US232282HB24
Isin,US232282HC07
Isin,US786149JV75
Isin,US786153DC77
Isin,US786153HX78
Isin,US78689HBY18
Isin,US787643GL38
Isin,US78764YAF43
Isin,US787756AA30
Isin,US78916XAV82
Isin,US776074CE40
Isin,US777790BP07
Isin,US778724CA02
Isin,US779315AS98
Isin,US780906EC38
Isin,US781145BA40
Isin,US781440AT91
Isin,US781617BE45
Isin,US770090AU29
Isin,US770100AH81
Isin,US775145AP04
Isin,US775252PC76
Isin,US765174FX04
Isin,US765418FL79
Isin,US766045AB42
Isin,US766807AQ43
Isin,US767741DT51
Isin,US767741DU25
Isin,US767741DV08
Isin,US76778PCC68
Isin,US768231BR27
Isin,US768670HL82
Isin,US768670JM48
Isin,US768670KA80
Isin,US768670KC47
Isin,US769003LG71
Isin,US76904KBX90
Isin,US769053CS69
Isin,US769053CT43
Isin,US769123DD95
Isin,US76913CAR07
Isin,US76913CAS89
Isin,US76913CAT62
Isin,US76913CAU36
Isin,US769145AW32
Isin,US76218KCB70
Isin,US762211GS36
Isin,US038926AD30
Isin,US74514LPZ49
Isin,US74514LQC45
Isin,US74514LQD28
Isin,US874806BA92
Isin,US874806BB75
Isin,US874806BC58
Isin,US889560AR98
Isin,US607206AY53
Isin,US77158CAE12
Isin,US83704DAJ54
Isin,US64461XBG97
Isin,US788070CC25
Isin,US7716902N38
Isin,US7716902P85
Isin,US7716902Q68
Isin,US7716902R42
Isin,US7716902S25
Isin,US7716902T08
Isin,US7716902U70
Isin,US7716903R33
Isin,US7716903S16
Isin,US7716903T98
Isin,US7716903U61
Isin,US7716903V45
Isin,US7716903W28
Isin,US7716903X01
Isin,US771690D923
Isin,US771690E269
Isin,US771690L280
Isin,US771690L363
Isin,US771690L447
Isin,US771690P653
Isin,US771690P737
Isin,US771690P810
Isin,US771690P992
Isin,US771690T879
Isin,US771690T952
Isin,US771690U281
Isin,US771690U364
Isin,US771690U448
Isin,US76543PAS74
Isin,US765639AB53
Isin,US76218TBD54
Isin,US76218TBE38
Isin,US762211GT19
Isin,US762211QG87
Isin,US762211QS26
Isin,US762211RS17
Isin,US762211RT99
Isin,US762211W556
Isin,US762211WN64
Isin,US762211XX38
Isin,US762211XY11
Isin,US762211ZB99
Isin,US762212BH09
Isin,US762212F450
Isin,US762212LM83
Isin,US762212PB82
Isin,US762212PC65
Isin,US762315EM70
Isin,US76363LBU70
Isin,US764595AA26
Isin,US764709AG64
Isin,US757560AQ07
Isin,US75986QAV41
Isin,US74539XKR25
Isin,US74539XKU53
Isin,US749556BA31
Isin,US752128JJ86
Isin,US92647CAE93
Isin,US92812QGZ46
Isin,US92812UEX28
Isin,US92812UEY01
Isin,US92812UEZ75
Isin,US919061EH04
Isin,US919061EU15
Isin,US903592AP83
Isin,US882749BD50
Isin,US882749BJ21
Isin,US88275BKV98
Isin,US8804584A98
Isin,US864770AK86
Isin,US83755VHU17
Isin,US83755VHV99
Isin,US821697SB61
Isin,US821697UZ02
Isin,US818200HG57
Isin,US818200HH31
Isin,US818200HK69
Isin,US802148BY19
Isin,US802649KZ52
Isin,US798165BN51
Isin,US798165JR83
Isin,US796791AD35
Isin,US796791AE18
Isin,US79683FCL67
Isin,US79683FCQ54
Isin,US796900CR76
Isin,US732840AA18
Isin,US733772CN52
Isin,US72037CEZ86
Isin,US722900KY24
Isin,US72316WBP14
Isin,US713233AW41
Isin,US698624CH48
Isin,US696507RB01
Isin,US696507RV64
Isin,US696510RT55
Isin,US683505AF89
Isin,US677660NX69
Isin,US67868NBJ72
Isin,US667027SZ04
Isin,US664375AD47
Isin,US658546UQ77
Isin,US649876LX52
Isin,US649886FM51
Isin,US649845FY57
Isin,US647213AF46
Isin,US64763RBT95
Isin,US64763RCC51
Isin,US644684AK87
Isin,US64468VAF94
Isin,US63966PQA56
Isin,US63966PQB30
Isin,US63966PQC13
Isin,US62544MBY93
Isin,US62544MCD48
Isin,US616212AE68
Isin,US61360RAB24
Isin,US606901P267
Isin,US610218AJ86
Isin,US610755WW66
Isin,US606072HJ82
Isin,US60635NDM56
Isin,US60415NAY85
Isin,US60415NAZ50
Isin,US598801GQ57
Isin,US602405EY42
Isin,US59465E4X88
Isin,US59465E4Y61
Isin,US59465E5A76
Isin,US59465E5V14
Isin,US59469C2M48
Isin,US59469C5S80
Isin,US59469CLF85
Isin,US59469CLG68
Isin,US592107AA48
Isin,US59333MGQ24
Isin,US58400RAA23
Isin,US57652TAL17
Isin,US57652TAM99
Isin,US57583FVQ17
Isin,US57583FVR99
Isin,US57583HAJ68
Isin,US57585KW872
Isin,US57419JY989
Isin,US574217AR69
Isin,US574217AS43
Isin,US574217KZ75
Isin,US566823SM33
Isin,US566823ST85
Isin,US566854CU74
Isin,US567663EH86
Isin,US56184RAQ39
Isin,US546279EN62
Isin,US546279GK06
Isin,US54640A3X64
Isin,US544393BD22
Isin,US544525DA32
Isin,US544525DB15
Isin,US544525DC97
Isin,US544525DD70
Isin,US498409AR28
Isin,US490576AA39
Isin,US49130RAL42
Isin,US49130RAM25
Isin,US46737CAR79
Isin,US46245EAJ64
Isin,US454906AC26
Isin,US455048L896
Isin,US455052Q293
Isin,US451888CB56
Isin,US451888CC30
Isin,US451888DV02
Isin,US45188RWL94
Isin,US451908H919
Isin,US4520013L27
Isin,US4520013M00
Isin,US4520013U26
Isin,US4520013Z13
Isin,US45200BLP12
Isin,US45200BMX37
Isin,US45201RF806
Isin,US447201AE46
Isin,US447201AG93
Isin,US43232EAX76
Isin,US43232EBX67
Isin,US435137AA28
Isin,US42605YAB20
Isin,US414191AC08
Isin,US413011AC16
Isin,US413890CB86
Isin,US402231AU86
Isin,US387307AA90
Isin,US353175AL64
Isin,US34073JAC36
Isin,US34073JPP83
Isin,US34073JPQ66
Isin,US34073XAC20
Isin,US296122LR37
Isin,US296341EA48
Isin,US296341EB21
Isin,US251008AR91
Isin,US25477PBN42
Isin,US246387LM45
Isin,US246387LN28
Isin,US246387MD37
Isin,US250062AB29
Isin,US22943AAS06
Isin,US23061VAE92
Isin,US232263BH50
Isin,US2077483Y83
Isin,US19464HCG48
Isin,US19464HCH21
Isin,US196474T263
Isin,US190901BU10
Isin,US191855AJ44
Isin,US184160JM29
Isin,US184160JN02
Isin,US167570NK24
Isin,US167590EQ74
Isin,US167590ES31
Isin,US167685FF80
Isin,US159770AC08
Isin,US14052TAG94
Isin,US13066VAA35
Isin,US13077V3Y64
Isin,US13077V3Z30
Isin,US13077V4D19
Isin,US13077V5A60
Isin,US13077V5B44
Isin,US13077V7E64